{
    "variants": {
        "facing=north,half=bottom,open=false": { "model": "block/acacia_trapdoor_bottom3" },
        "facing=south,half=bottom,open=false": { "model": "block/acacia_trapdoor_bottom", "y": 180 },
        "facing=east,half=bottom,open=false": { "model": "block/acacia_trapdoor_bottom2", "y": 90 },
        "facing=west,half=bottom,open=false": { "model": "block/acacia_trapdoor_bottom4", "y": 270 },
        "facing=north,half=top,open=false": { "model": "block/acacia_trapdoor_top3" },
        "facing=south,half=top,open=false": { "model": "block/acacia_trapdoor_top", "y": 180 },
        "facing=east,half=top,open=false": { "model": "block/acacia_trapdoor_top2", "y": 90 },
        "facing=west,half=top,open=false": { "model": "block/acacia_trapdoor_top4", "y": 270 },
        "facing=north,half=bottom,open=true": { "model": "block/acacia_trapdoor_open2" },
        "facing=south,half=bottom,open=true": { "model": "block/acacia_trapdoor_open2", "y": 180 },
        "facing=east,half=bottom,open=true": { "model": "block/acacia_trapdoor_open2", "y": 90 },
        "facing=west,half=bottom,open=true": { "model": "block/acacia_trapdoor_open2", "y": 270 },
        "facing=north,half=top,open=true": { "model": "block/acacia_trapdoor_open", "x": 180, "y": 180 },
        "facing=south,half=top,open=true": { "model": "block/acacia_trapdoor_open", "x": 180, "y": 0 },
        "facing=east,half=top,open=true": { "model": "block/acacia_trapdoor_open", "x": 180, "y": 270 },
        "facing=west,half=top,open=true": { "model": "block/acacia_trapdoor_open", "x": 180, "y": 90 }
    }
}
