{
	"__comment": "Designed by XeKr with Cubik Studio - https://cubik.studio",
	"parent": "block/block",
	"textures": {
		"particle": "block/anvil",
		"body": "block/anvil",
		"top": "block/stone_bricks_top",
		"side": "block/stone_bricks_side"
	},
	"elements": [ 	 
		{
			"__comment": "Anvil base",
			"from": [ 2, 0, 2 ],
			"to": [ 14, 4, 14 ],
			"faces": {
				"down": { "uv": [ 2, 2, 14, 14 ], "texture": "#top", "cullface": "down", "rotation": 180 },
				"up": { "uv": [ 2, 2, 14, 14 ], "texture": "#top", "rotation": 180 },
				"north": { "uv": [ 4, 4, 0, 16 ], "texture": "#side", "rotation": 270 },
				"south": { "uv": [ 4, 4, 0, 16 ], "texture": "#side", "rotation": 270 },
				"west": { "uv": [ 4, 4, 0, 16 ], "texture": "#side", "rotation": 270 },
				"east": { "uv": [ 4, 4, 0, 16 ], "texture": "#side", "rotation": 270 }
			}
		},
		{
			"__comment": "Lower narrow portion",
			"from": [ 4, 4, 3 ],
			"to": [ 12, 5, 13 ],
			"faces": {
				"up": { "uv": [ 4, 3, 12, 13 ], "texture": "#top", "rotation": 180 },
				"north": { "uv": [ 4, 4, 12, 5 ], "texture": "#body" },
				"south": { "uv": [ 4, 4, 12, 5 ], "texture": "#body" },
				"west": { "uv": [ 4, 5, 5, 15 ], "texture": "#body", "rotation": 90 },
				"east": { "uv": [ 4, 5, 5, 15 ], "texture": "#body", "rotation": 90 }
			}
		},
		{
			"__comment": "Wider section beneath top portion",
			"from": [ 6, 5, 4 ],
			"to": [ 10, 11, 12 ],
			"faces": {
				"north": { "uv": [ 4, 5, 8, 11 ], "texture": "#body" },
				"south": { "uv": [ 4, 5, 8, 11 ], "texture": "#body" },
				"west": { "uv": [ 4, 5, 12, 11 ], "texture": "#body" },
				"east": { "uv": [ 4, 5, 12, 11 ], "texture": "#body" }
			}
		},
		{
			"__comment": "Anvil top",
			"from": [ 3, 11, 0 ],
			"to": [ 13, 16, 16 ],
			"faces": {
				"down": { "uv": [ 3, 0, 13, 16 ], "texture": "#top", "rotation": 180 },
				"up": { "uv": [ 3, 0, 13, 16 ], "texture": "#top", "rotation": 180 },
				"north": { "uv": [ 3, 0, 13, 5 ], "texture": "#body" },
				"south": { "uv": [ 3, 0, 13, 5 ], "texture": "#body" },
				"west": { "uv": [ 0, 0, 16, 5 ], "texture": "#body" },
				"east": { "uv": [ 0, 0, 16, 5 ], "texture": "#body" }
			}
		}
	],
	"display": {
		"fixed": {
			"rotation":  [ 0, 90, 0 ],
			"scale":  [ 0.5, 0.5, 0.5 ]
		}
	}
}