{
	"__comment": "Designed by XeKr with Cubik Studio - https://cubik.studio",
	"parent": "block/block",
	"textures": {
		"particle": "block/anvil_top",
		"body": "block/acacia_log",
		"top": "block/damaged_anvil_top",
		"front": "block/damaged_anvil_front",
		"side": "block/damaged_anvil_side",
		"planks": "block/anvil_side"
	},
	"elements": [ 	 
		{
			"__comment": "Anvil base",
			"from": [ 2, 0, 2 ],
			"to": [ 14, 2, 14 ],
			"faces": {
				"down": { "uv": [ 2, 2, 14, 14 ], "texture": "#particle", "cullface": "down", "rotation": 180 },
				"up": { "uv": [ 2, 2, 14, 14 ], "texture": "#particle", "rotation": 180 },
				"north": { "uv": [ 2, 14, 14, 16 ], "texture": "#planks" },
				"south": { "uv": [ 2, 14, 14, 16 ], "texture": "#planks" },
				"west": { "uv": [ 2, 14, 14, 16 ], "texture": "#planks" },
				"east": { "uv": [ 2, 14, 14, 16 ], "texture": "#planks" }
			}
		},
		{
			"__comment": "Lower narrow portion",
			"from": [ 4, 2, 4 ],
			"to": [ 12, 3, 12 ],
			"faces": {
				"up": { "uv": [ 4, 4, 12, 12 ], "texture": "#particle", "rotation": 180 },
				"north": { "uv": [ 4, 11, 12, 12 ], "texture": "#planks" },
				"south": { "uv": [ 4, 11, 12, 12 ], "texture": "#planks" },
				"west": { "uv": [ 4, 11, 12, 12 ], "texture": "#planks" },
				"east": { "uv": [ 4, 11, 12, 12 ], "texture": "#planks" }
			}
		},
		{
			"__comment": "Wider section beneath top portion",
			"from": [ 5, 3, 5 ],
			"to": [ 11, 12, 11 ],
			"faces": {
				"north": { "uv": [ 5, 5, 11, 14 ], "texture": "#body" },
				"south": { "uv": [ 5, 5, 11, 14 ], "texture": "#body" },
				"west": { "uv": [ 5, 5, 11, 14 ], "texture": "#body" },
				"east": { "uv": [ 5, 5, 11, 14 ], "texture": "#body" }
			}
		},
		{
			"__comment": "Anvil top",
			"from": [ 1, 13, 1 ],
			"to": [ 15, 16, 15 ],
			"faces": {
				"down": { "uv": [ 1, 1, 15, 15 ], "texture": "#particle", "rotation": 180 },
				"up": { "uv": [ 1, 1, 15, 15 ], "texture": "#top", "rotation": 180 },
				"north": { "uv": [ 1, 3, 15, 6 ], "texture": "#planks" },
				"south": { "uv": [ 1, 3, 15, 6 ], "texture": "#planks" },
				"west": { "uv": [ 1, 3, 15, 6 ], "texture": "#planks" },
				"east": { "uv": [ 1, 3, 15, 6 ], "texture": "#planks" }
			}
		},
		{
			"__comment": "PlaneX5",
			"from": [ 15.0625, 13, 4 ],
			"to": [ 15.0635, 16.0625, 12 ],
			"faces": {
				"west": { "uv": [ 4, 0, 12, 3 ], "texture": "#front", "cullface": "up" },
				"east": { "uv": [ 4, 0, 12, 3 ], "texture": "#front", "cullface": "up" }
			}
		},
		{
			"__comment": "PlaneX5",
			"from": [ 15.0625, 12, 4 ],
			"to": [ 15.0635, 13, 7 ],
			"faces": {
				"west": { "uv": [ 4, 3, 7, 4 ], "texture": "#front", "cullface": "up" },
				"east": { "uv": [ 9, 3, 12, 4 ], "texture": "#front", "cullface": "up" }
			}
		},
		{
			"__comment": "PlaneX5",
			"from": [ 15.0625, 11, 4 ],
			"to": [ 15.0635, 12, 6 ],
			"faces": {
				"west": { "uv": [ 4, 4, 6, 5 ], "texture": "#front", "cullface": "up" },
				"east": { "uv": [ 10, 4, 12, 5 ], "texture": "#front", "cullface": "up" }
			}
		},
		{
			"__comment": "PlaneX5",
			"from": [ 15.0625, 10, 4 ],
			"to": [ 15.0635, 11, 5 ],
			"faces": {
				"west": { "uv": [ 4, 5, 5, 6 ], "texture": "#front", "cullface": "up" },
				"east": { "uv": [ 11, 5, 12, 6 ], "texture": "#front", "cullface": "up" }
			}
		},
		{
			"__comment": "PlaneX5",
			"from": [ 15.0625, 10, 11 ],
			"to": [ 15.0635, 11, 12 ],
			"faces": {
				"west": { "uv": [ 11, 5, 12, 6 ], "texture": "#front", "cullface": "up" },
				"east": { "uv": [ 4, 5, 5, 6 ], "texture": "#front", "cullface": "up" }
			}
		},
		{
			"__comment": "PlaneX5",
			"from": [ 15.0625, 12, 9 ],
			"to": [ 15.0635, 13, 12 ],
			"faces": {
				"west": { "uv": [ 9, 3, 12, 4 ], "texture": "#front", "cullface": "up" },
				"east": { "uv": [ 4, 3, 7, 4 ], "texture": "#front", "cullface": "up" }
			}
		},
		{
			"__comment": "PlaneX5",
			"from": [ 15.0625, 11, 10 ],
			"to": [ 15.0635, 12, 12 ],
			"faces": {
				"west": { "uv": [ 10, 4, 12, 5 ], "texture": "#front", "cullface": "up" },
				"east": { "uv": [ 4, 4, 6, 5 ], "texture": "#front", "cullface": "up" }
			}
		},
		{
			"__comment": "PlaneZ21",
			"from": [ 5, 11, 0.9375 ],
			"to": [ 7, 12, 0.9385 ],
			"faces": {
				"north": { "uv": [ 9, 2, 11, 3 ], "texture": "#side", "cullface": "up" },
				"south": { "uv": [ 5, 2, 7, 3 ], "texture": "#side", "cullface": "up" }
			}
		},
		{
			"__comment": "PlaneZ21",
			"from": [ 5, 10, 0.9375 ],
			"to": [ 6, 11, 0.9385 ],
			"faces": {
				"north": { "uv": [ 10, 3, 11, 4 ], "texture": "#side", "cullface": "up" },
				"south": { "uv": [ 5, 3, 6, 4 ], "texture": "#side", "cullface": "up" }
			}
		},
		{
			"__comment": "PlaneZ21",
			"from": [ 9, 11, 0.9375 ],
			"to": [ 11, 12, 0.9385 ],
			"faces": {
				"north": { "uv": [ 5, 2, 7, 3 ], "texture": "#side", "cullface": "up" },
				"south": { "uv": [ 9, 2, 11, 3 ], "texture": "#side", "cullface": "up" }
			}
		},
		{
			"__comment": "PlaneZ21",
			"from": [ 10, 10, 0.9375 ],
			"to": [ 11, 11, 0.9385 ],
			"faces": {
				"north": { "uv": [ 5, 3, 6, 4 ], "texture": "#side", "cullface": "up" },
				"south": { "uv": [ 10, 3, 11, 4 ], "texture": "#side", "cullface": "up" }
			}
		},
		{
			"__comment": "PlaneZ27",
			"from": [ 5, 12, 0.9375 ],
			"to": [ 11, 14, 0.9385 ],
			"faces": {
				"north": { "uv": [ 5, 0, 11, 2 ], "texture": "#side", "cullface": "up" },
				"south": { "uv": [ 5, 0, 11, 2 ], "texture": "#side", "cullface": "up" }
			}
		},
		{
			"__comment": "PlaneZ27",
			"from": [ 5, 14, 0.9375 ],
			"to": [ 11, 16.03125, 0.9385 ],
			"faces": {
				"north": { "uv": [ 5, 0, 11, 2 ], "texture": "#top", "cullface": "up" },
				"south": { "uv": [ 5, 0, 11, 2 ], "texture": "#top", "cullface": "up" }
			}
		},
		{
			"__comment": "PlaneZ27",
			"from": [ 5, 14, 15.0625 ],
			"to": [ 11, 16.03125, 15.0635 ],
			"faces": {
				"north": { "uv": [ 5, 0, 11, 2 ], "texture": "#top", "cullface": "up" },
				"south": { "uv": [ 5, 0, 11, 2 ], "texture": "#top", "cullface": "up" }
			}
		},
		{
			"__comment": "PlaneZ27",
			"from": [ 5, 12, 15.0625 ],
			"to": [ 11, 14, 15.0635 ],
			"faces": {
				"north": { "uv": [ 5, 0, 11, 2 ], "texture": "#side", "cullface": "up" },
				"south": { "uv": [ 5, 0, 11, 2 ], "texture": "#side", "cullface": "up" }
			}
		},
		{
			"__comment": "PlaneZ21",
			"from": [ 9, 11, 15.0625 ],
			"to": [ 11, 12, 15.0635 ],
			"faces": {
				"north": { "uv": [ 5, 2, 7, 3 ], "texture": "#side", "cullface": "up" },
				"south": { "uv": [ 9, 2, 11, 3 ], "texture": "#side", "cullface": "up" }
			}
		},
		{
			"__comment": "PlaneZ21",
			"from": [ 10, 10, 15.0625 ],
			"to": [ 11, 11, 15.0635 ],
			"faces": {
				"north": { "uv": [ 5, 3, 6, 4 ], "texture": "#side", "cullface": "up" },
				"south": { "uv": [ 10, 3, 11, 4 ], "texture": "#side", "cullface": "up" }
			}
		},
		{
			"__comment": "PlaneZ21",
			"from": [ 5, 11, 15.0625 ],
			"to": [ 7, 12, 15.0635 ],
			"faces": {
				"north": { "uv": [ 9, 2, 11, 3 ], "texture": "#side", "cullface": "up" },
				"south": { "uv": [ 5, 2, 7, 3 ], "texture": "#side", "cullface": "up" }
			}
		},
		{
			"__comment": "PlaneZ21",
			"from": [ 5, 10, 15.0625 ],
			"to": [ 6, 11, 15.0635 ],
			"faces": {
				"north": { "uv": [ 10, 3, 11, 4 ], "texture": "#side", "cullface": "up" },
				"south": { "uv": [ 5, 3, 6, 4 ], "texture": "#side", "cullface": "up" }
			}
		},
		{
			"__comment": "PlaneX5",
			"from": [ 0.9375, 13, 4 ],
			"to": [ 0.9385, 16.0625, 12 ],
			"faces": {
				"west": { "uv": [ 4, 0, 12, 3 ], "texture": "#front", "cullface": "up" },
				"east": { "uv": [ 4, 0, 12, 3 ], "texture": "#front", "cullface": "up" }
			}
		},
		{
			"__comment": "PlaneX5",
			"from": [ 0.9375, 12, 4 ],
			"to": [ 0.9385, 13, 7 ],
			"faces": {
				"west": { "uv": [ 4, 3, 7, 4 ], "texture": "#front", "cullface": "up" },
				"east": { "uv": [ 9, 3, 12, 4 ], "texture": "#front", "cullface": "up" }
			}
		},
		{
			"__comment": "PlaneX5",
			"from": [ 0.9375, 10, 4 ],
			"to": [ 0.9385, 11, 5 ],
			"faces": {
				"west": { "uv": [ 4, 5, 5, 6 ], "texture": "#front", "cullface": "up" },
				"east": { "uv": [ 11, 5, 12, 6 ], "texture": "#front", "cullface": "up" }
			}
		},
		{
			"__comment": "PlaneX5",
			"from": [ 0.9375, 11, 4 ],
			"to": [ 0.9385, 12, 6 ],
			"faces": {
				"west": { "uv": [ 4, 4, 6, 5 ], "texture": "#front", "cullface": "up" },
				"east": { "uv": [ 10, 4, 12, 5 ], "texture": "#front", "cullface": "up" }
			}
		},
		{
			"__comment": "PlaneX5",
			"from": [ 0.9375, 12, 9 ],
			"to": [ 0.9385, 13, 12 ],
			"faces": {
				"west": { "uv": [ 9, 3, 12, 4 ], "texture": "#front", "cullface": "up" },
				"east": { "uv": [ 4, 3, 7, 4 ], "texture": "#front", "cullface": "up" }
			}
		},
		{
			"__comment": "PlaneX5",
			"from": [ 0.9375, 11, 10 ],
			"to": [ 0.9385, 12, 12 ],
			"faces": {
				"west": { "uv": [ 10, 4, 12, 5 ], "texture": "#front", "cullface": "up" },
				"east": { "uv": [ 4, 4, 6, 5 ], "texture": "#front", "cullface": "up" }
			}
		},
		{
			"__comment": "PlaneX5",
			"from": [ 0.9375, 10, 11 ],
			"to": [ 0.9385, 11, 12 ],
			"faces": {
				"west": { "uv": [ 11, 5, 12, 6 ], "texture": "#front", "cullface": "up" },
				"east": { "uv": [ 4, 5, 5, 6 ], "texture": "#front", "cullface": "up" }
			}
		},
		{
			"__comment": "Lower narrow portion",
			"from": [ 3, 12, 3 ],
			"to": [ 13, 13, 13 ],
			"faces": {
				"down": { "uv": [ 3, 3, 13, 13 ], "texture": "#particle", "rotation": 180 },
				"north": { "uv": [ 4, 11, 14, 12 ], "texture": "#planks" },
				"south": { "uv": [ 4, 11, 14, 12 ], "texture": "#planks" },
				"west": { "uv": [ 4, 11, 14, 12 ], "texture": "#planks" },
				"east": { "uv": [ 4, 11, 14, 12 ], "texture": "#planks" }
			}
		}
	],
	"display": {
		"fixed": {
			"rotation":  [ 0, 90, 0 ],
			"scale":  [ 0.5, 0.5, 0.5 ]
		}
	}
}