{
	"__comment": "Designed by XeKr with Cubik Studio - https://cubik.studio",
	"parent": "block/block",
	"textures": {
		"particle": "block/sandstone_top",
		"body": "block/sandstone_bottom",
		"top": "block/sandstone_top2",
		"side": "block/sandstone_side3"
	},
	"elements": [ 	 
		{
			"__comment": "Anvil base",
			"from": [ 2, 0, 2 ],
			"to": [ 14, 3, 14 ],
			"faces": {
				"down": { "uv": [ 2, 2, 14, 14 ], "texture": "#body", "cullface": "down", "rotation": 180 },
				"up": { "uv": [ 2, 2, 14, 14 ], "texture": "#body", "rotation": 180 },
				"north": { "uv": [ 2, 13, 14, 16 ], "texture": "#side" },
				"south": { "uv": [ 2, 13, 14, 16 ], "texture": "#side" },
				"west": { "uv": [ 2, 13, 14, 16 ], "texture": "#side" },
				"east": { "uv": [ 2, 13, 14, 16 ], "texture": "#side" }
			}
		},
		{
			"__comment": "Wider section beneath top portion",
			"from": [ 4, 4, 4 ],
			"to": [ 12, 12, 12 ],
			"faces": {
				"north": { "uv": [ 4, 4, 12, 12 ], "texture": "#side" },
				"south": { "uv": [ 4, 4, 12, 12 ], "texture": "#side" },
				"west": { "uv": [ 4, 4, 12, 12 ], "texture": "#side" },
				"east": { "uv": [ 4, 4, 12, 12 ], "texture": "#side" }
			}
		},
		{
			"__comment": "Anvil top",
			"from": [ 0, 12, 0 ],
			"to": [ 16, 16, 16 ],
			"faces": {
				"down": { "uv": [ 0, 0, 16, 16 ], "texture": "#body", "rotation": 180 },
				"up": { "uv": [ 0, 0, 16, 16 ], "texture": "#top", "rotation": 180 },
				"north": { "uv": [ 0, 1, 16, 5 ], "texture": "#side" },
				"south": { "uv": [ 0, 1, 16, 5 ], "texture": "#side" },
				"west": { "uv": [ 0, 1, 16, 5 ], "texture": "#side" },
				"east": { "uv": [ 0, 1, 16, 5 ], "texture": "#side" }
			}
		},
		{
			"__comment": "Anvil base",
			"from": [ 3, 3, 3 ],
			"to": [ 13, 4, 13 ],
			"faces": {
				"down": { "uv": [ 3, 3, 13, 13 ], "texture": "#body", "cullface": "down", "rotation": 180 },
				"up": { "uv": [ 3, 3, 13, 13 ], "texture": "#body", "rotation": 180 },
				"north": { "uv": [ 3, 14, 13, 15 ], "texture": "#side" },
				"south": { "uv": [ 3, 14, 13, 15 ], "texture": "#side" },
				"west": { "uv": [ 3, 14, 13, 15 ], "texture": "#side" },
				"east": { "uv": [ 3, 14, 13, 15 ], "texture": "#side" }
			}
		}
	],
	"display": {
		"fixed": {
			"rotation":  [ 0, 90, 0 ],
			"scale":  [ 0.5, 0.5, 0.5 ]
		}
	}
}