{
	"__comment": "Designed by XeKr with Cubik Studio - https://cubik.studio",
	"parent": "block/block",
	"textures": {
		"particle": "block/sandstone",
		"body": "block/sandstone_side",
		"top": "block/sandstone_top",
		"front": "block/sandstone_side3"
	},
	"elements": [ 	 
		{
			"__comment": "Anvil base",
			"from": [ 3, 0, 2 ],
			"to": [ 13, 3, 14 ],
			"faces": {
				"down": { "uv": [ 2, 2, 12, 14 ], "texture": "#top", "cullface": "down", "rotation": 180 },
				"up": { "uv": [ 3, 2, 13, 14 ], "texture": "#top", "rotation": 180 },
				"north": { "uv": [ 3, 4, 6, 14 ], "texture": "#body", "rotation": 270 },
				"south": { "uv": [ 3, 4, 6, 14 ], "texture": "#body", "rotation": 270 },
				"west": { "uv": [ 3, 2, 0, 14 ], "texture": "#body", "rotation": 90 },
				"east": { "uv": [ 3, 2, 0, 14 ], "texture": "#body", "rotation": 90 }
			}
		},
		{
			"__comment": "Lower narrow portion",
			"from": [ 4, 3, 3 ],
			"to": [ 12, 4, 13 ],
			"faces": {
				"up": { "uv": [ 4, 3, 12, 13 ], "texture": "#top", "rotation": 180 },
				"north": { "uv": [ 3, 6, 4, 14 ], "texture": "#body", "rotation": 90 },
				"south": { "uv": [ 3, 6, 4, 14 ], "texture": "#body", "rotation": 90 },
				"west": { "uv": [ 3, 3, 4, 13 ], "texture": "#body", "rotation": 90 },
				"east": { "uv": [ 3, 3, 4, 13 ], "texture": "#body", "rotation": 90 }
			}
		},
		{
			"__comment": "Wider section beneath top portion",
			"from": [ 6, 4, 5 ],
			"to": [ 10, 12, 11 ],
			"faces": {
				"north": { "uv": [ 6, 6, 10, 14 ], "texture": "#body" },
				"south": { "uv": [ 6, 6, 10, 14 ], "texture": "#body" },
				"west": { "uv": [ 5, 4, 11, 12 ], "texture": "#body" },
				"east": { "uv": [ 5, 4, 11, 12 ], "texture": "#body" }
			}
		},
		{
			"__comment": "Anvil top",
			"from": [ 3, 12, 0 ],
			"to": [ 13, 16, 16 ],
			"faces": {
				"down": { "uv": [ 3, 0, 13, 16 ], "texture": "#top", "rotation": 180 },
				"up": { "uv": [ 3, 0, 13, 16 ], "texture": "#top", "rotation": 180 },
				"north": { "uv": [ 3, 1, 13, 5 ], "texture": "#front" },
				"south": { "uv": [ 3, 1, 13, 5 ], "texture": "#front" },
				"west": { "uv": [ 16, 1, 0, 5 ], "texture": "#front" },
				"east": { "uv": [ 16, 1, 0, 5 ], "texture": "#front" }
			}
		}
	],
	"display": {
		"fixed": {
			"rotation":  [ 0, 90, 0 ],
			"scale":  [ 0.5, 0.5, 0.5 ]
		}
	}
}