{
	"__comment": "Designed by XeKr with Cubik Studio - https://cubik.studio",
	"parent": "block/block",
	"textures": {
		"particle": "block/stripped_oak_log_top",
		"body": "block/oak_planks",
		"top": "block/chipped_anvil_top",
		"front": "block/chipped_anvil_front"
	},
	"elements": [ 	 
		{
			"__comment": "Lower narrow portion",
			"from": [ 3, 0, 3 ],
			"to": [ 13, 2, 13 ],
			"faces": {
				"down": { "uv": [ 3, 3, 13, 13 ], "texture": "#particle" },
				"up": { "uv": [ 3, 3, 13, 13 ], "texture": "#particle" },
				"north": { "uv": [ 2, 14, 12, 16 ], "texture": "#body" },
				"south": { "uv": [ 2, 14, 12, 16 ], "texture": "#body" },
				"west": { "uv": [ 2, 14, 12, 16 ], "texture": "#body" },
				"east": { "uv": [ 2, 14, 12, 16 ], "texture": "#body" }
			}
		},
		{
			"__comment": "Wider section beneath top portion",
			"from": [ 5.5, 3, 5.5 ],
			"to": [ 10.5, 11, 10.5 ],
			"faces": {
				"north": { "uv": [ 6, 6, 11, 14 ], "texture": "#body" },
				"south": { "uv": [ 6, 6, 11, 14 ], "texture": "#body" },
				"west": { "uv": [ 6, 6, 11, 14 ], "texture": "#body" },
				"east": { "uv": [ 6, 6, 11, 14 ], "texture": "#body" }
			}
		},
		{
			"__comment": "Anvil top",
			"from": [ 2, 13, 2 ],
			"to": [ 14, 16, 14 ],
			"faces": {
				"down": { "uv": [ 2, 2, 14, 14 ], "texture": "#particle", "rotation": 180 },
				"up": { "uv": [ 2, 2, 14, 14 ], "texture": "#top", "rotation": 180 },
				"north": { "uv": [ 2, 13, 14, 16 ], "texture": "#body" },
				"south": { "uv": [ 2, 13, 14, 16 ], "texture": "#body" },
				"west": { "uv": [ 2, 13, 14, 16 ], "texture": "#body" },
				"east": { "uv": [ 2, 13, 14, 16 ], "texture": "#body" }
			}
		},
		{
			"__comment": "Lower narrow portion",
			"from": [ 4, 11, 4 ],
			"to": [ 12, 13, 12 ],
			"faces": {
				"down": { "uv": [ 4, 4, 12, 12 ], "texture": "#particle" },
				"north": { "uv": [ 4, 14, 12, 16 ], "texture": "#body" },
				"south": { "uv": [ 4, 14, 12, 16 ], "texture": "#body" },
				"west": { "uv": [ 4, 14, 12, 16 ], "texture": "#body" },
				"east": { "uv": [ 4, 14, 12, 16 ], "texture": "#body" }
			}
		},
		{
			"__comment": "Lower narrow portion",
			"from": [ 4, 2, 4 ],
			"to": [ 12, 3, 12 ],
			"faces": {
				"up": { "uv": [ 4, 4, 12, 12 ], "texture": "#particle" },
				"north": { "uv": [ 5, 15, 13, 16 ], "texture": "#body" },
				"south": { "uv": [ 5, 15, 13, 16 ], "texture": "#body" },
				"west": { "uv": [ 5, 15, 13, 16 ], "texture": "#body" },
				"east": { "uv": [ 5, 15, 13, 16 ], "texture": "#body" }
			}
		},
		{
			"__comment": "PlaneX5",
			"from": [ 7, 11, 1.9375 ],
			"to": [ 9, 13, 1.9385 ],
			"faces": {
				"north": { "uv": [ 7, 4, 9, 6 ], "texture": "#front", "cullface": "up" },
				"south": { "uv": [ 7, 4, 9, 6 ], "texture": "#front", "cullface": "up" }
			}
		},
		{
			"__comment": "PlaneX5",
			"from": [ 6, 13, 1.9385 ],
			"to": [ 10, 15, 1.9395 ],
			"faces": {
				"north": { "uv": [ 6, 2, 10, 4 ], "texture": "#front", "cullface": "up" },
				"south": { "uv": [ 6, 2, 10, 4 ], "texture": "#front", "cullface": "up" }
			}
		},
		{
			"__comment": "PlaneX5",
			"from": [ 5, 15, 1.9385 ],
			"to": [ 11, 16, 1.9395 ],
			"faces": {
				"north": { "uv": [ 5, 1, 11, 2 ], "texture": "#front", "cullface": "up" },
				"south": { "uv": [ 5, 1, 11, 2 ], "texture": "#front", "cullface": "up" }
			}
		},
		{
			"__comment": "PlaneX5",
			"from": [ 7, 11, 14.0616 ],
			"to": [ 9, 13, 14.0626 ],
			"faces": {
				"north": { "uv": [ 7, 4, 9, 6 ], "texture": "#front", "cullface": "up" },
				"south": { "uv": [ 7, 4, 9, 6 ], "texture": "#front", "cullface": "up" }
			}
		},
		{
			"__comment": "PlaneX5",
			"from": [ 6, 13, 14.0625 ],
			"to": [ 10, 15, 14.0635 ],
			"faces": {
				"north": { "uv": [ 6, 2, 10, 4 ], "texture": "#front", "cullface": "up" },
				"south": { "uv": [ 6, 2, 10, 4 ], "texture": "#front", "cullface": "up" }
			}
		},
		{
			"__comment": "PlaneX5",
			"from": [ 5, 15, 14.0625 ],
			"to": [ 11, 16, 14.0635 ],
			"faces": {
				"north": { "uv": [ 5, 1, 11, 2 ], "texture": "#front", "cullface": "up" },
				"south": { "uv": [ 5, 1, 11, 2 ], "texture": "#front", "cullface": "up" }
			}
		},
		{
			"__comment": "PlaneX5",
			"from": [ 14.0625, 11, 7 ],
			"to": [ 14.0635, 13, 9 ],
			"faces": {
				"west": { "uv": [ 7, 4, 9, 6 ], "texture": "#front", "cullface": "up" },
				"east": { "uv": [ 7, 4, 9, 6 ], "texture": "#front", "cullface": "up" }
			}
		},
		{
			"__comment": "PlaneX5",
			"from": [ 14.0634, 13, 6 ],
			"to": [ 14.0644, 15, 10 ],
			"faces": {
				"west": { "uv": [ 6, 2, 10, 4 ], "texture": "#front", "cullface": "up" },
				"east": { "uv": [ 6, 2, 10, 4 ], "texture": "#front", "cullface": "up" }
			}
		},
		{
			"__comment": "PlaneX5",
			"from": [ 14.0634, 15, 5 ],
			"to": [ 14.0644, 16, 11 ],
			"faces": {
				"west": { "uv": [ 5, 1, 11, 2 ], "texture": "#front", "cullface": "up" },
				"east": { "uv": [ 5, 1, 11, 2 ], "texture": "#front", "cullface": "up" }
			}
		},
		{
			"__comment": "PlaneX5",
			"from": [ 1.9365, 11, 7 ],
			"to": [ 1.9375, 13, 9 ],
			"faces": {
				"west": { "uv": [ 7, 4, 9, 6 ], "texture": "#front", "cullface": "up" },
				"east": { "uv": [ 7, 4, 9, 6 ], "texture": "#front", "cullface": "up" }
			}
		},
		{
			"__comment": "PlaneX5",
			"from": [ 1.9375, 13, 6 ],
			"to": [ 1.9385, 15, 10 ],
			"faces": {
				"west": { "uv": [ 6, 2, 10, 4 ], "texture": "#front", "cullface": "up" },
				"east": { "uv": [ 6, 2, 10, 4 ], "texture": "#front", "cullface": "up" }
			}
		},
		{
			"__comment": "PlaneX5",
			"from": [ 1.9375, 15, 5 ],
			"to": [ 1.9385, 16, 11 ],
			"faces": {
				"west": { "uv": [ 5, 1, 11, 2 ], "texture": "#front", "cullface": "up" },
				"east": { "uv": [ 5, 1, 11, 2 ], "texture": "#front", "cullface": "up" }
			}
		}
	],
	"display": {
		"fixed": {
			"rotation":  [ 0, 90, 0 ],
			"scale":  [ 0.5, 0.5, 0.5 ]
		}
	}
}