{
	"__comment": "Designed by XeKr with Cubik Studio - https://cubik.studio",
	"parent": "block/block",
	"textures": {
		"particle": "block/quartz_block_smooth",
		"body": "block/quartz_side",
		"top": "block/quartz_block_smooth",
		"side": "block/quartz_block_side"
	},
	"elements": [ 	 
		{
			"__comment": "Box22",
			"from": [ 0, 0, 0 ],
			"to": [ 16, 16, 16 ],
			"faces": {
				"down": { "uv": [ 0, 0, 16, 16 ], "texture": "#top" },
				"up": { "uv": [ 0, 0, 16, 16 ], "texture": "#top" },
				"north": { "uv": [ 0, 0, 16, 16 ], "texture": "#body" },
				"south": { "uv": [ 0, 0, 16, 16 ], "texture": "#body" },
				"west": { "uv": [ 0, 0, 16, 16 ], "texture": "#body" },
				"east": { "uv": [ 0, 0, 16, 16 ], "texture": "#body" }
			}
		},
		{
			"__comment": "Box23",
			"from": [ -2, 0, -2 ],
			"to": [ 0, 2, 0 ],
			"faces": {
				"down": { "uv": [ 14, 0, 16, 2 ], "texture": "#top" },
				"up": { "uv": [ 14, 14, 16, 16 ], "texture": "#top" },
				"north": { "uv": [ 0, 0, 2, 2 ], "texture": "#side" },
				"west": { "uv": [ 14, 0, 16, 2 ], "texture": "#side" }
			}
		},
		{
			"__comment": "Box23",
			"from": [ 0, 0, -2 ],
			"to": [ 16, 2, 0 ],
			"faces": {
				"down": { "uv": [ 0, 0, 16, 2 ], "texture": "#top" },
				"up": { "uv": [ 0, 14, 16, 16 ], "texture": "#top" },
				"north": { "uv": [ 0, 0, 16, 2 ], "texture": "#side" }
			}
		},
		{
			"__comment": "Box23",
			"from": [ 0, 0, 16 ],
			"to": [ 16, 2, 18 ],
			"faces": {
				"down": { "uv": [ 0, 14, 16, 16 ], "texture": "#top" },
				"up": { "uv": [ 0, 0, 16, 2 ], "texture": "#top" },
				"south": { "uv": [ 0, 0, 16, 2 ], "texture": "#side" }
			}
		},
		{
			"__comment": "Box23",
			"from": [ 16, 0, -2 ],
			"to": [ 18, 2, 0 ],
			"faces": {
				"down": { "uv": [ 0, 0, 2, 2 ], "texture": "#top" },
				"up": { "uv": [ 0, 14, 2, 16 ], "texture": "#top" },
				"north": { "uv": [ 14, 0, 16, 2 ], "texture": "#side" },
				"east": { "uv": [ 0, 0, 2, 2 ], "texture": "#side" }
			}
		},
		{
			"__comment": "Box23",
			"from": [ 16, 0, 16 ],
			"to": [ 18, 2, 18 ],
			"faces": {
				"down": { "uv": [ 0, 14, 2, 16 ], "texture": "#top" },
				"up": { "uv": [ 0, 0, 2, 2 ], "texture": "#top" },
				"south": { "uv": [ 0, 0, 2, 2 ], "texture": "#side" },
				"east": { "uv": [ 14, 0, 16, 2 ], "texture": "#side" }
			}
		},
		{
			"__comment": "Box23",
			"from": [ -2, 0, 16 ],
			"to": [ 0, 2, 18 ],
			"faces": {
				"down": { "uv": [ 14, 14, 16, 16 ], "texture": "#top" },
				"up": { "uv": [ 14, 0, 16, 2 ], "texture": "#top" },
				"south": { "uv": [ 14, 0, 16, 2 ], "texture": "#side" },
				"west": { "uv": [ 0, 0, 2, 2 ], "texture": "#side" }
			}
		},
		{
			"__comment": "Box23",
			"from": [ -2, 0, 0 ],
			"to": [ 0, 2, 16 ],
			"faces": {
				"down": { "uv": [ 14, 0, 16, 16 ], "texture": "#top" },
				"up": { "uv": [ 14, 0, 16, 16 ], "texture": "#top" },
				"west": { "uv": [ 0, 0, 16, 2 ], "texture": "#side" }
			}
		},
		{
			"__comment": "Box23",
			"from": [ 16, 0, 0 ],
			"to": [ 18, 2, 16 ],
			"faces": {
				"down": { "uv": [ 0, 0, 2, 16 ], "texture": "#top" },
				"up": { "uv": [ 0, 0, 2, 16 ], "texture": "#top" },
				"east": { "uv": [ 0, 0, 16, 2 ], "texture": "#side" }
			}
		},
		{
			"__comment": "Box11",
			"from": [ -2, 13, -2 ],
			"to": [ 0, 15, 0 ],
			"faces": {
				"down": { "uv": [ 14, 0, 16, 2 ], "texture": "#top" },
				"up": { "uv": [ 14, 14, 16, 16 ], "texture": "#top" },
				"north": { "uv": [ 0, 0, 2, 2 ], "texture": "#side" },
				"west": { "uv": [ 14, 0, 16, 2 ], "texture": "#side" }
			}
		},
		{
			"__comment": "Box11",
			"from": [ 16, 13, -2 ],
			"to": [ 18, 15, 0 ],
			"faces": {
				"down": { "uv": [ 0, 0, 2, 2 ], "texture": "#top" },
				"up": { "uv": [ 0, 14, 2, 16 ], "texture": "#top" },
				"north": { "uv": [ 14, 0, 16, 2 ], "texture": "#side" },
				"east": { "uv": [ 0, 0, 2, 2 ], "texture": "#side" }
			}
		},
		{
			"__comment": "Box11",
			"from": [ 16, 13, 16 ],
			"to": [ 18, 15, 18 ],
			"faces": {
				"down": { "uv": [ 0, 14, 2, 16 ], "texture": "#top" },
				"up": { "uv": [ 0, 0, 2, 2 ], "texture": "#top" },
				"south": { "uv": [ 0, 0, 2, 2 ], "texture": "#side" },
				"east": { "uv": [ 14, 0, 16, 2 ], "texture": "#side" }
			}
		},
		{
			"__comment": "Box11",
			"from": [ -2, 13, 16 ],
			"to": [ 0, 15, 18 ],
			"faces": {
				"down": { "uv": [ 14, 14, 16, 16 ], "texture": "#top" },
				"up": { "uv": [ 14, 0, 16, 2 ], "texture": "#top" },
				"south": { "uv": [ 14, 0, 16, 2 ], "texture": "#side" },
				"west": { "uv": [ 0, 0, 2, 2 ], "texture": "#side" }
			}
		},
		{
			"__comment": "Box11",
			"from": [ 0, 13, -2 ],
			"to": [ 16, 15, 0 ],
			"faces": {
				"down": { "uv": [ 0, 0, 16, 2 ], "texture": "#top" },
				"up": { "uv": [ 0, 14, 16, 16 ], "texture": "#top" },
				"north": { "uv": [ 0, 0, 16, 2 ], "texture": "#side" }
			}
		},
		{
			"__comment": "Box11",
			"from": [ 0, 13, 16 ],
			"to": [ 16, 15, 18 ],
			"faces": {
				"down": { "uv": [ 0, 14, 16, 16 ], "texture": "#top" },
				"up": { "uv": [ 0, 0, 16, 2 ], "texture": "#top" },
				"south": { "uv": [ 0, 0, 16, 2 ], "texture": "#side" }
			}
		},
		{
			"__comment": "Box11",
			"from": [ -2, 13, 0 ],
			"to": [ 0, 15, 16 ],
			"faces": {
				"down": { "uv": [ 14, 0, 16, 16 ], "texture": "#top" },
				"up": { "uv": [ 14, 0, 16, 16 ], "texture": "#top" },
				"west": { "uv": [ 0, 0, 16, 2 ], "texture": "#side" }
			}
		},
		{
			"__comment": "Box11",
			"from": [ 16, 13, 0 ],
			"to": [ 18, 15, 16 ],
			"faces": {
				"down": { "uv": [ 0, 0, 2, 16 ], "texture": "#top" },
				"up": { "uv": [ 0, 0, 2, 16 ], "texture": "#top" },
				"east": { "uv": [ 0, 0, 16, 2 ], "texture": "#side" }
			}
		},
		{
			"__comment": "Box19",
			"from": [ -1, 2, -1 ],
			"to": [ 0, 3, 0 ],
			"faces": {
				"up": { "uv": [ 15, 15, 16, 16 ], "texture": "#top" },
				"north": { "uv": [ 0, 13, 1, 14 ], "texture": "#body" },
				"west": { "uv": [ 15, 13, 16, 14 ], "texture": "#body" }
			}
		},
		{
			"__comment": "Box19",
			"from": [ 0, 2, -1 ],
			"to": [ 16, 3, 0 ],
			"faces": {
				"up": { "uv": [ 0, 15, 16, 16 ], "texture": "#top" },
				"north": { "uv": [ 0, 13, 16, 14 ], "texture": "#body" }
			}
		},
		{
			"__comment": "Box19",
			"from": [ 0, 2, 16 ],
			"to": [ 16, 3, 17 ],
			"faces": {
				"up": { "uv": [ 0, 0, 16, 1 ], "texture": "#top" },
				"south": { "uv": [ 0, 13, 16, 14 ], "texture": "#body" }
			}
		},
		{
			"__comment": "Box19",
			"from": [ 16, 2, -1 ],
			"to": [ 17, 3, 0 ],
			"faces": {
				"up": { "uv": [ 0, 15, 1, 16 ], "texture": "#top" },
				"north": { "uv": [ 15, 13, 16, 14 ], "texture": "#body" },
				"east": { "uv": [ 0, 13, 1, 14 ], "texture": "#body" }
			}
		},
		{
			"__comment": "Box19",
			"from": [ 16, 2, 16 ],
			"to": [ 17, 3, 17 ],
			"faces": {
				"up": { "uv": [ 0, 0, 1, 1 ], "texture": "#top" },
				"south": { "uv": [ 0, 13, 1, 14 ], "texture": "#body" },
				"east": { "uv": [ 15, 13, 16, 14 ], "texture": "#body" }
			}
		},
		{
			"__comment": "Box19",
			"from": [ -1, 2, 16 ],
			"to": [ 0, 3, 17 ],
			"faces": {
				"up": { "uv": [ 15, 0, 16, 1 ], "texture": "#top" },
				"south": { "uv": [ 15, 13, 16, 14 ], "texture": "#body" },
				"west": { "uv": [ 0, 13, 1, 14 ], "texture": "#body" }
			}
		},
		{
			"__comment": "Box19",
			"from": [ -1, 2, 0 ],
			"to": [ 0, 3, 16 ],
			"faces": {
				"up": { "uv": [ 15, 0, 16, 16 ], "texture": "#top" },
				"west": { "uv": [ 0, 13, 16, 14 ], "texture": "#body" }
			}
		},
		{
			"__comment": "Box19",
			"from": [ 16, 2, 0 ],
			"to": [ 17, 3, 16 ],
			"faces": {
				"up": { "uv": [ 0, 0, 1, 16 ], "texture": "#top" },
				"east": { "uv": [ 0, 13, 16, 14 ], "texture": "#body" }
			}
		}
	],
	"display": {
		"fixed": {
			"rotation":  [ 0, 90, 0 ],
			"scale":  [ 0.5, 0.5, 0.5 ]
		}
	}
}