{
	"__comment": "Designed by XeKr with Cubik Studio - https://cubik.studio",
	"parent": "block/block",
	"textures": {
		"particle": "block/enchanting_table_bottom",
		"bottom": "block/enchanting_table_bottom",
		"top": "block/enchanting_table_top",
		"side": "block/enchanting_table_side",
		"book": "block/bookshelf"
	},
	"elements": [ 	 
		{
			"__comment": "Element",
			"from": [ 0, 8, 0 ],
			"to": [ 16, 12, 16 ],
			"faces": {
				"down": { "uv": [ 0, 0, 16, 16 ], "texture": "#bottom" },
				"up": { "uv": [ 0, 0, 16, 16 ], "texture": "#top" },
				"north": { "uv": [ 0, 4, 16, 8 ], "texture": "#side", "cullface": "north" },
				"south": { "uv": [ 0, 4, 16, 8 ], "texture": "#side", "cullface": "south" },
				"west": { "uv": [ 0, 4, 16, 8 ], "texture": "#side", "cullface": "west" },
				"east": { "uv": [ 0, 4, 16, 8 ], "texture": "#side", "cullface": "east" }
			}
		},
		{
			"__comment": "Box3",
			"from": [ 0, 2, 0 ],
			"to": [ 2, 8, 2 ],
			"faces": {
				"north": { "uv": [ 14, 8, 16, 14 ], "texture": "#bottom" },
				"south": { "uv": [ 0, 8, 2, 14 ], "texture": "#bottom" },
				"west": { "uv": [ 0, 8, 2, 14 ], "texture": "#bottom" },
				"east": { "uv": [ 14, 8, 16, 14 ], "texture": "#bottom" }
			}
		},
		{
			"__comment": "Box3",
			"from": [ 0, 2, 14 ],
			"to": [ 2, 8, 16 ],
			"faces": {
				"north": { "uv": [ 14, 8, 16, 14 ], "texture": "#bottom" },
				"south": { "uv": [ 0, 8, 2, 14 ], "texture": "#bottom" },
				"west": { "uv": [ 14, 8, 16, 14 ], "texture": "#bottom" },
				"east": { "uv": [ 0, 8, 2, 14 ], "texture": "#bottom" }
			}
		},
		{
			"__comment": "Box3",
			"from": [ 14, 2, 14 ],
			"to": [ 16, 8, 16 ],
			"faces": {
				"north": { "uv": [ 0, 8, 2, 14 ], "texture": "#bottom" },
				"south": { "uv": [ 14, 8, 16, 14 ], "texture": "#bottom" },
				"west": { "uv": [ 14, 8, 16, 14 ], "texture": "#bottom" },
				"east": { "uv": [ 0, 8, 2, 14 ], "texture": "#bottom" }
			}
		},
		{
			"__comment": "Box3",
			"from": [ 14, 2, 0 ],
			"to": [ 16, 8, 2 ],
			"faces": {
				"north": { "uv": [ 0, 8, 2, 14 ], "texture": "#bottom" },
				"south": { "uv": [ 14, 8, 16, 14 ], "texture": "#bottom" },
				"west": { "uv": [ 0, 8, 2, 14 ], "texture": "#bottom" },
				"east": { "uv": [ 14, 8, 16, 14 ], "texture": "#bottom" }
			}
		},
		{
			"__comment": "Box6",
			"from": [ 2, 2, 2 ],
			"to": [ 14, 8, 14 ],
			"faces": {
				"north": { "uv": [ 2, 9, 14, 15 ], "texture": "#book" },
				"south": { "uv": [ 2, 9, 14, 15 ], "texture": "#book" },
				"west": { "uv": [ 2, 9, 14, 15 ], "texture": "#book" },
				"east": { "uv": [ 2, 9, 14, 15 ], "texture": "#book" }
			}
		},
		{
			"__comment": "Box7",
			"from": [ 0, 0, 0 ],
			"to": [ 16, 2, 16 ],
			"faces": {
				"down": { "uv": [ 0, 0, 16, 16 ], "texture": "#bottom" },
				"up": { "uv": [ 0, 0, 16, 16 ], "texture": "#bottom" },
				"north": { "uv": [ 0, 14, 16, 16 ], "texture": "#bottom" },
				"south": { "uv": [ 0, 14, 16, 16 ], "texture": "#bottom" },
				"west": { "uv": [ 0, 14, 16, 16 ], "texture": "#bottom" },
				"east": { "uv": [ 0, 14, 16, 16 ], "texture": "#bottom" }
			}
		},
		{
			"__comment": "PlaneX8",
			"from": [ 0, 5, 4 ],
			"to": [ 0.001, 8, 7 ],
			"faces": {
				"west": { "uv": [ 4, 8, 7, 11 ], "texture": "#side" },
				"east": { "uv": [ 9, 8, 12, 11 ], "texture": "#side" }
			}
		},
		{
			"__comment": "PlaneX8",
			"from": [ 0, 4, 4 ],
			"to": [ 0.001, 5, 6 ],
			"faces": {
				"west": { "uv": [ 4, 11, 6, 12 ], "texture": "#side" },
				"east": { "uv": [ 10, 11, 12, 12 ], "texture": "#side" }
			}
		},
		{
			"__comment": "PlaneX8",
			"from": [ 0, 3, 4 ],
			"to": [ 0.001, 4, 5 ],
			"faces": {
				"west": { "uv": [ 4, 12, 5, 13 ], "texture": "#side" },
				"east": { "uv": [ 11, 12, 12, 13 ], "texture": "#side" }
			}
		},
		{
			"__comment": "PlaneX8",
			"from": [ 0, 3, 11 ],
			"to": [ 0.001, 4, 12 ],
			"faces": {
				"west": { "uv": [ 11, 12, 12, 13 ], "texture": "#side" },
				"east": { "uv": [ 4, 12, 5, 13 ], "texture": "#side" }
			}
		},
		{
			"__comment": "PlaneX8",
			"from": [ 0, 4, 10 ],
			"to": [ 0.001, 5, 12 ],
			"faces": {
				"west": { "uv": [ 10, 11, 12, 12 ], "texture": "#side" },
				"east": { "uv": [ 4, 11, 6, 12 ], "texture": "#side" }
			}
		},
		{
			"__comment": "PlaneX8",
			"from": [ 0, 5, 9 ],
			"to": [ 0.001, 8, 12 ],
			"faces": {
				"west": { "uv": [ 9, 8, 12, 11 ], "texture": "#side" },
				"east": { "uv": [ 4, 8, 7, 11 ], "texture": "#side" }
			}
		},
		{
			"__comment": "PlaneX8",
			"from": [ 16, 5, 4 ],
			"to": [ 16.001, 8, 7 ],
			"faces": {
				"west": { "uv": [ 4, 8, 7, 11 ], "texture": "#side" },
				"east": { "uv": [ 9, 8, 12, 11 ], "texture": "#side" }
			}
		},
		{
			"__comment": "PlaneX8",
			"from": [ 16, 5, 9 ],
			"to": [ 16.001, 8, 12 ],
			"faces": {
				"west": { "uv": [ 9, 8, 12, 11 ], "texture": "#side" },
				"east": { "uv": [ 4, 8, 7, 11 ], "texture": "#side" }
			}
		},
		{
			"__comment": "PlaneX8",
			"from": [ 16, 4, 10 ],
			"to": [ 16.001, 5, 12 ],
			"faces": {
				"west": { "uv": [ 10, 11, 12, 12 ], "texture": "#side" },
				"east": { "uv": [ 4, 11, 6, 12 ], "texture": "#side" }
			}
		},
		{
			"__comment": "PlaneX8",
			"from": [ 16, 3, 11 ],
			"to": [ 16.001, 4, 12 ],
			"faces": {
				"west": { "uv": [ 11, 12, 12, 13 ], "texture": "#side" },
				"east": { "uv": [ 4, 12, 5, 13 ], "texture": "#side" }
			}
		},
		{
			"__comment": "PlaneX8",
			"from": [ 16, 4, 4 ],
			"to": [ 16.001, 5, 6 ],
			"faces": {
				"west": { "uv": [ 4, 11, 6, 12 ], "texture": "#side" },
				"east": { "uv": [ 10, 11, 12, 12 ], "texture": "#side" }
			}
		},
		{
			"__comment": "PlaneX8",
			"from": [ 16, 3, 4 ],
			"to": [ 16.001, 4, 5 ],
			"faces": {
				"west": { "uv": [ 4, 12, 5, 13 ], "texture": "#side" },
				"east": { "uv": [ 11, 12, 12, 13 ], "texture": "#side" }
			}
		},
		{
			"__comment": "PlaneZ26",
			"from": [ 4, 5, 0 ],
			"to": [ 7, 8, 0.001 ],
			"faces": {
				"north": { "uv": [ 9, 8, 12, 11 ], "texture": "#side" },
				"south": { "uv": [ 4, 8, 7, 11 ], "texture": "#side" }
			}
		},
		{
			"__comment": "PlaneZ26",
			"from": [ 4, 4, 0 ],
			"to": [ 6, 5, 0.001 ],
			"faces": {
				"north": { "uv": [ 10, 11, 12, 12 ], "texture": "#side" },
				"south": { "uv": [ 4, 11, 6, 12 ], "texture": "#side" }
			}
		},
		{
			"__comment": "PlaneZ26",
			"from": [ 4, 3, 0 ],
			"to": [ 5, 4, 0.001 ],
			"faces": {
				"north": { "uv": [ 11, 12, 12, 13 ], "texture": "#side" },
				"south": { "uv": [ 4, 12, 5, 13 ], "texture": "#side" }
			}
		},
		{
			"__comment": "PlaneZ26",
			"from": [ 11, 3, 0 ],
			"to": [ 12, 4, 0.001 ],
			"faces": {
				"north": { "uv": [ 4, 12, 5, 13 ], "texture": "#side" },
				"south": { "uv": [ 11, 12, 12, 13 ], "texture": "#side" }
			}
		},
		{
			"__comment": "PlaneZ26",
			"from": [ 10, 4, 0 ],
			"to": [ 12, 5, 0.001 ],
			"faces": {
				"north": { "uv": [ 4, 11, 6, 12 ], "texture": "#side" },
				"south": { "uv": [ 10, 11, 12, 12 ], "texture": "#side" }
			}
		},
		{
			"__comment": "PlaneZ26",
			"from": [ 9, 5, 0 ],
			"to": [ 12, 8, 0.001 ],
			"faces": {
				"north": { "uv": [ 4, 8, 7, 11 ], "texture": "#side" },
				"south": { "uv": [ 9, 8, 12, 11 ], "texture": "#side" }
			}
		},
		{
			"__comment": "PlaneZ26",
			"from": [ 9, 5, 16 ],
			"to": [ 12, 8, 16.001 ],
			"faces": {
				"north": { "uv": [ 4, 8, 7, 11 ], "texture": "#side" },
				"south": { "uv": [ 9, 8, 12, 11 ], "texture": "#side" }
			}
		},
		{
			"__comment": "PlaneZ26",
			"from": [ 4, 5, 16 ],
			"to": [ 7, 8, 16.001 ],
			"faces": {
				"north": { "uv": [ 9, 8, 12, 11 ], "texture": "#side" },
				"south": { "uv": [ 4, 8, 7, 11 ], "texture": "#side" }
			}
		},
		{
			"__comment": "PlaneZ26",
			"from": [ 4, 3, 16 ],
			"to": [ 5, 4, 16.001 ],
			"faces": {
				"north": { "uv": [ 11, 12, 12, 13 ], "texture": "#side" },
				"south": { "uv": [ 4, 12, 5, 13 ], "texture": "#side" }
			}
		},
		{
			"__comment": "PlaneZ26",
			"from": [ 4, 4, 16 ],
			"to": [ 6, 5, 16.001 ],
			"faces": {
				"north": { "uv": [ 10, 11, 12, 12 ], "texture": "#side" },
				"south": { "uv": [ 4, 11, 6, 12 ], "texture": "#side" }
			}
		},
		{
			"__comment": "PlaneZ26",
			"from": [ 10, 4, 16 ],
			"to": [ 12, 5, 16.001 ],
			"faces": {
				"north": { "uv": [ 4, 11, 6, 12 ], "texture": "#side" },
				"south": { "uv": [ 10, 11, 12, 12 ], "texture": "#side" }
			}
		},
		{
			"__comment": "PlaneZ26",
			"from": [ 11, 3, 16 ],
			"to": [ 12, 4, 16.001 ],
			"faces": {
				"north": { "uv": [ 4, 12, 5, 13 ], "texture": "#side" },
				"south": { "uv": [ 11, 12, 12, 13 ], "texture": "#side" }
			}
		},
		{
			"__comment": "Box34",
			"from": [ 0, 12, 0 ],
			"to": [ 3, 13, 3 ],
			"faces": {
				"up": { "uv": [ 0, 0, 3, 3 ], "texture": "#top" },
				"north": { "uv": [ 13, 0, 16, 1 ], "texture": "#top" },
				"south": { "uv": [ 0, 0, 3, 1 ], "texture": "#top" },
				"west": { "uv": [ 0, 0, 3, 1 ], "texture": "#top" },
				"east": { "uv": [ 13, 0, 16, 1 ], "texture": "#top" }
			}
		},
		{
			"__comment": "Box34",
			"from": [ 13, 12, 0 ],
			"to": [ 16, 13, 3 ],
			"faces": {
				"up": { "uv": [ 13, 0, 16, 3 ], "texture": "#top" },
				"north": { "uv": [ 0, 0, 3, 1 ], "texture": "#top" },
				"south": { "uv": [ 13, 0, 16, 1 ], "texture": "#top" },
				"west": { "uv": [ 0, 0, 3, 1 ], "texture": "#top" },
				"east": { "uv": [ 13, 0, 16, 1 ], "texture": "#top" }
			}
		},
		{
			"__comment": "Box34",
			"from": [ 13, 12, 13 ],
			"to": [ 16, 13, 16 ],
			"faces": {
				"up": { "uv": [ 13, 13, 16, 16 ], "texture": "#top" },
				"north": { "uv": [ 0, 0, 3, 1 ], "texture": "#top" },
				"south": { "uv": [ 13, 0, 16, 1 ], "texture": "#top" },
				"west": { "uv": [ 13, 0, 16, 1 ], "texture": "#top" },
				"east": { "uv": [ 0, 0, 3, 1 ], "texture": "#top" }
			}
		},
		{
			"__comment": "Box34",
			"from": [ 0, 12, 13 ],
			"to": [ 3, 13, 16 ],
			"faces": {
				"up": { "uv": [ 0, 13, 3, 16 ], "texture": "#top" },
				"north": { "uv": [ 13, 0, 16, 1 ], "texture": "#top" },
				"south": { "uv": [ 0, 0, 3, 1 ], "texture": "#top" },
				"west": { "uv": [ 13, 0, 16, 1 ], "texture": "#top" },
				"east": { "uv": [ 0, 0, 3, 1 ], "texture": "#top" }
			}
		}
	]
}