{
	"__comment": "Designed by XeKr with Cubik Studio - https://cubik.studio",
	"textures": {
		"particle": "#side"
	},
	"elements": [ 	 
		{
			"__comment": "Box4",
			"from": [ 0, 0, 0 ],
			"to": [ 8, 8, 8 ],
			"faces": {
				"down": { "uv": [ 0, 8, 8, 16 ], "texture": "#bottom", "cullface": "down" },
				"up": { "uv": [ 0, 0, 8, 8 ], "texture": "#top" },
				"north": { "uv": [ 8, 0, 16, 8 ], "texture": "#side", "cullface": "north" },
				"west": { "uv": [ 0, 0, 8, 8 ], "texture": "#side", "cullface": "west" }
			}
		},
		{
			"__comment": "Box5",
			"from": [ 0, 0, 8 ],
			"to": [ 8, 16, 16 ],
			"faces": {
				"down": { "uv": [ 0, 0, 8, 8 ], "texture": "#bottom", "cullface": "down" },
				"up": { "uv": [ 0, 8, 8, 16 ], "texture": "#top" },
				"north": { "uv": [ 8, 0, 16, 16 ], "texture": "#side" },
				"south": { "uv": [ 0, 0, 8, 16 ], "texture": "#side", "cullface": "south" },
				"west": { "uv": [ 8, 0, 16, 16 ], "texture": "#side", "cullface": "west" }
			}
		},
		{
			"__comment": "Box6",
			"from": [ 8, 0, 0 ],
			"to": [ 16, 16, 16 ],
			"faces": {
				"down": { "uv": [ 8, 0, 16, 16 ], "texture": "#bottom", "cullface": "down" },
				"up": { "uv": [ 8, 0, 16, 16 ], "texture": "#top" },
				"north": { "uv": [ 0, 0, 8, 16 ], "texture": "#side", "cullface": "north" },
				"south": { "uv": [ 8, 0, 16, 16 ], "texture": "#side", "cullface": "south" },
				"west": { "uv": [ 0, 0, 16, 16 ], "texture": "#side" },
				"east": { "uv": [ 0, 0, 16, 16 ], "texture": "#side", "cullface": "east" }
			}
		}
	]
}