{
    "parent": "block/cube",
    "display": {
        "firstperson_righthand": {
            "rotation": [ 0, 135, 0 ],
            "translation": [ 0, 0, 0 ],
            "scale": [ 0.40, 0.40, 0.40 ]
        }
    },
    "textures": {
        "bottom": "block/jack_o_lantern_bottom",
        "side": "block/jack_o_lantern_side",
        "side2": "block/jack_o_lantern_side2",
        "top": "block/jack_o_lantern_top",
        "front": "block/jack_o_lantern",
		"back": "block/jack_o_lantern_back",
        "particle": "block/jack_o_lantern"
    },
    "elements": [
        {   "from": [ 0, 0, 0 ],
            "to": [ 16, 16, 16 ],
            "faces": {
                "down":  { "uv": [ 0, 0, 16, 16 ], "texture": "#bottom", "cullface": "down" },
                "up":    { "uv": [ 0, 16, 16, 0 ], "texture": "#top", "cullface": "up" },
                "north": { "uv": [ 0, 0, 16, 16 ], "texture": "#front", "cullface": "north" },
                "south": { "uv": [ 0, 0, 16, 16 ], "texture": "#back", "cullface": "south" },
                "west":  { "uv": [ 0, 0, 16, 16 ], "texture": "#side", "cullface": "west" },
                "east":  { "uv": [ 0, 0, 16, 16 ], "texture": "#side2", "cullface": "east" }
            }
        }
    ]
}
