{
	"__comment": "Designed by XeKr with Cubik Studio - https://cubik.studio",
	"parent": "block/block",
	"textures": {
		"particle": "block/lantern",
		"all": "block/lantern",
		"bottom": "block/stripped_dark_oak_log_top",
		"torch": "block/torch"
	},
	"elements": [ 	 
		{
			"__comment": "Box16",
			"from": [ 4, 1, 4 ],
			"to": [ 12, 2, 12 ],
			"faces": {
				"down": { "uv": [ 8, 8, 16, 16 ], "texture": "#all" },
				"up": { "uv": [ 8, 8, 16, 16 ], "texture": "#all" },
				"north": { "uv": [ 0, 8, 8, 9 ], "texture": "#all" },
				"south": { "uv": [ 0, 8, 8, 9 ], "texture": "#all" },
				"west": { "uv": [ 0, 8, 8, 9 ], "texture": "#all" },
				"east": { "uv": [ 0, 8, 8, 9 ], "texture": "#all" }
			}
		},
		{
			"__comment": "Box17",
			"from": [ 5, 2, 5 ],
			"to": [ 6, 7, 6 ],
			"faces": {
				"north": { "uv": [ 1, 3, 2, 8 ], "texture": "#all" },
				"south": { "uv": [ 1, 3, 2, 8 ], "texture": "#all" },
				"west": { "uv": [ 1, 3, 2, 8 ], "texture": "#all" },
				"east": { "uv": [ 1, 3, 2, 8 ], "texture": "#all" }
			}
		},
		{
			"__comment": "Box17",
			"from": [ 10, 2, 5 ],
			"to": [ 11, 7, 6 ],
			"faces": {
				"north": { "uv": [ 1, 3, 2, 8 ], "texture": "#all" },
				"south": { "uv": [ 1, 3, 2, 8 ], "texture": "#all" },
				"west": { "uv": [ 1, 3, 2, 8 ], "texture": "#all" },
				"east": { "uv": [ 1, 3, 2, 8 ], "texture": "#all" }
			}
		},
		{
			"__comment": "Box17",
			"from": [ 10, 2, 10 ],
			"to": [ 11, 7, 11 ],
			"faces": {
				"north": { "uv": [ 1, 3, 2, 8 ], "texture": "#all" },
				"south": { "uv": [ 1, 3, 2, 8 ], "texture": "#all" },
				"west": { "uv": [ 1, 3, 2, 8 ], "texture": "#all" },
				"east": { "uv": [ 1, 3, 2, 8 ], "texture": "#all" }
			}
		},
		{
			"__comment": "Box17",
			"from": [ 5, 2, 10 ],
			"to": [ 6, 7, 11 ],
			"faces": {
				"north": { "uv": [ 1, 3, 2, 8 ], "texture": "#all" },
				"south": { "uv": [ 1, 3, 2, 8 ], "texture": "#all" },
				"west": { "uv": [ 1, 3, 2, 8 ], "texture": "#all" },
				"east": { "uv": [ 1, 3, 2, 8 ], "texture": "#all" }
			}
		},
		{
			"__comment": "Box16",
			"from": [ 4, 7, 4 ],
			"to": [ 12, 8, 12 ],
			"faces": {
				"down": { "uv": [ 8, 8, 16, 16 ], "texture": "#all" },
				"up": { "uv": [ 8, 8, 16, 16 ], "texture": "#all" },
				"north": { "uv": [ 0, 8, 8, 9 ], "texture": "#all" },
				"south": { "uv": [ 0, 8, 8, 9 ], "texture": "#all" },
				"west": { "uv": [ 0, 8, 8, 9 ], "texture": "#all" },
				"east": { "uv": [ 0, 8, 8, 9 ], "texture": "#all" }
			}
		},
		{
			"__comment": "Box22",
			"from": [ 5, 8, 5 ],
			"to": [ 11, 9, 11 ],
			"faces": {
				"up": { "uv": [ 1, 9, 7, 15 ], "texture": "#all" },
				"north": { "uv": [ 1, 1, 7, 2 ], "texture": "#all" },
				"south": { "uv": [ 1, 1, 7, 2 ], "texture": "#all" },
				"west": { "uv": [ 1, 1, 7, 2 ], "texture": "#all" },
				"east": { "uv": [ 1, 1, 7, 2 ], "texture": "#all" }
			}
		},
		{
			"__comment": "Box23",
			"from": [ 6, 9, 6 ],
			"to": [ 10, 10, 10 ],
			"faces": {
				"up": { "uv": [ 2, 10, 6, 14 ], "texture": "#all" },
				"north": { "uv": [ 2, 0, 6, 1 ], "texture": "#all" },
				"south": { "uv": [ 2, 0, 6, 1 ], "texture": "#all" },
				"west": { "uv": [ 2, 0, 6, 1 ], "texture": "#all" },
				"east": { "uv": [ 2, 0, 6, 1 ], "texture": "#all" }
			}
		},
		{
			"__comment": "PlaneX24",
			"from": [ 8, 10, 6.5 ],
			"to": [ 8.001, 12, 9.5 ],
			"rotation": { "origin": [ 8, 12, 8 ], "axis": "y", "angle": -45 },
			"faces": {
				"west": { "uv": [ 11, 6, 14, 8 ], "texture": "#all" },
				"east": { "uv": [ 11, 6, 14, 8 ], "texture": "#all" }
			}
		},
		{
			"__comment": "PlaneX13",
			"from": [ 8, 2, 6 ],
			"to": [ 8.001, 6, 10 ],
			"rotation": { "origin": [ 8, 2, 8 ], "axis": "y", "angle": -45 },
			"faces": {
				"west": { "uv": [ 6, 5, 10, 9 ], "texture": "#torch" },
				"east": { "uv": [ 6, 5, 10, 9 ], "texture": "#torch" }
			}
		},
		{
			"__comment": "PlaneX13",
			"from": [ 8, 2, 6 ],
			"to": [ 8.001, 6, 10 ],
			"rotation": { "origin": [ 8, 2, 8 ], "axis": "y", "angle": 45 },
			"faces": {
				"west": { "uv": [ 6, 5, 10, 9 ], "texture": "#torch" },
				"east": { "uv": [ 6, 5, 10, 9 ], "texture": "#torch" }
			}
		},
		{
			"__comment": "Box14",
			"from": [ 6, 2, 5 ],
			"to": [ 10, 7, 11 ],
			"faces": {
				"north": { "uv": [ 2, 3, 6, 8 ], "texture": "#all" },
				"south": { "uv": [ 2, 3, 6, 8 ], "texture": "#all" }
			}
		},
		{
			"__comment": "Box14",
			"from": [ 5, 2, 6 ],
			"to": [ 11, 7, 10 ],
			"faces": {
				"west": { "uv": [ 2, 3, 6, 8 ], "texture": "#all" },
				"east": { "uv": [ 2, 3, 6, 8 ], "texture": "#all" }
			}
		},
		{
			"__comment": "PlaneX24",
			"from": [ 8, 14, 6.5 ],
			"to": [ 8.001, 16, 9.5 ],
			"rotation": { "origin": [ 8, 16, 8 ], "axis": "y", "angle": -45 },
			"faces": {
				"west": { "uv": [ 11, 4, 14, 6 ], "texture": "#all" },
				"east": { "uv": [ 11, 4, 14, 6 ], "texture": "#all" }
			}
		},
		{
			"__comment": "PlaneX24",
			"from": [ 7.75, 11, 7.25 ],
			"to": [ 7.751, 15, 10.25 ],
			"rotation": { "origin": [ 7, 15, 8 ], "axis": "y", "angle": 45 },
			"faces": {
				"west": { "uv": [ 11, 0, 14, 4 ], "texture": "#all" },
				"east": { "uv": [ 11, 0, 14, 4 ], "texture": "#all" }
			}
		}
	]
}